,1,"https://bugs.eclipse.org/bugs/show_bug.cgi?id=343863",343863,"[Compatibility] Dragging active part does not update active stack"
,2,"https://bugs.eclipse.org/bugs/show_bug.cgi?id=380721",380721,"Programmatically-created commands are not available in fresh workspace"
,3,"https://bugs.eclipse.org/bugs/show_bug.cgi?id=377519",377519,"PartServiceImpl#savePart() needs improvement"
,4,"https://bugs.eclipse.org/bugs/show_bug.cgi?id=379144",379144,"Same EventAdmin Service injected twice"
,5,"https://bugs.eclipse.org/bugs/show_bug.cgi?id=407418",407418,"""Import Existing Project"" wizard should allow filtering of already-installed projects"
,6,"https://bugs.eclipse.org/bugs/show_bug.cgi?id=339415",339415,"[Contributions] DynamicMenuContributionItem's isVisible() does not delegate to loadedDynamicContribution's isVisible()"
5,7,"https://bugs.eclipse.org/bugs/show_bug.cgi?id=384108",384108,"JUnit plug-in icon no longer shows progress while executing tests"
,8,"https://bugs.eclipse.org/bugs/show_bug.cgi?id=393242",393242,"[CSS] JFace StatusLine cannot be easily styled"
,9,"https://bugs.eclipse.org/bugs/show_bug.cgi?id=413936",413936,"Busy (italic) view title not redrawn promptly with Classic theme"
,10,"https://bugs.eclipse.org/bugs/show_bug.cgi?id=419018",419018,"[CSS] Provide the CSS support for defining the new font and color definitions"
,11,"https://bugs.eclipse.org/bugs/show_bug.cgi?id=416761",416761,"Open File command should remember the last used folder across restarts"
,12,"https://bugs.eclipse.org/bugs/show_bug.cgi?id=189959",189959,"Allow for custom branded detached view windows"
,13,"https://bugs.eclipse.org/bugs/show_bug.cgi?id=208233",208233,"[Trim] Allow for sliding toolbars"
,14,"https://bugs.eclipse.org/bugs/show_bug.cgi?id=214974",214974,"[Workbench] Allow Workbench UI state to save/restore to user-provided Input/Output Streams"
,15,"https://bugs.eclipse.org/bugs/show_bug.cgi?id=249109",249109,"[Trim] set toolbar icons with drag and drop"
5,16,"https://bugs.eclipse.org/bugs/show_bug.cgi?id=317207",317207,"View tabs have no context menu - can't make it a fast view"
5,17,"https://bugs.eclipse.org/bugs/show_bug.cgi?id=317208",317208,"Missing items on context menu on minimized views"
,18,"https://bugs.eclipse.org/bugs/show_bug.cgi?id=348885",348885,"[UI] Removing an element from the model should (eventually) call removeGui on it"
5,19,"https://bugs.eclipse.org/bugs/show_bug.cgi?id=348954",348954,"Active Part is incorrect and does not have focus on a restart"
,20,"https://bugs.eclipse.org/bugs/show_bug.cgi?id=351366",351366,"Allow the hosting of Views and Editors independent of the presentation"
,21,"https://bugs.eclipse.org/bugs/show_bug.cgi?id=357282",357282,"Provide fading feedback for large screen operations"
,22,"https://bugs.eclipse.org/bugs/show_bug.cgi?id=360065",360065,"NPE in dndaddon.DnDManager"
,23,"https://bugs.eclipse.org/bugs/show_bug.cgi?id=361580",361580,"The Contributed part renderer's 'getUIContainer' can throw a CCE for a part contained in a sash Container"
,24,"https://bugs.eclipse.org/bugs/show_bug.cgi?id=365607",365607,"IllegalArgumentException in PartRenderingEngine"
,25,"https://bugs.eclipse.org/bugs/show_bug.cgi?id=370615",370615,"Support dynamic tracing for e4 workbench"
,26,"https://bugs.eclipse.org/bugs/show_bug.cgi?id=374310",374310,"[MinMax] Closing the last perspective in a minimized perspective stack leaves the model in a strange state"
,27,"https://bugs.eclipse.org/bugs/show_bug.cgi?id=380321",380321,"View management does not respect ""Do not open..."" setting"
,28,"https://bugs.eclipse.org/bugs/show_bug.cgi?id=389478",389478,"Need IDE.openEditors(...) that allows to inject state"
,29,"https://bugs.eclipse.org/bugs/show_bug.cgi?id=389920",389920,"perspective overlays portion of Welcome page after installing EGit"
,30,"https://bugs.eclipse.org/bugs/show_bug.cgi?id=398666",398666,"partOpened not called for views in default Perspective when welcome view opens first"
4,31,"https://bugs.eclipse.org/bugs/show_bug.cgi?id=330117",330117,"No separation between view toolbar, view description and view content"
,32,"https://bugs.eclipse.org/bugs/show_bug.cgi?id=362532",362532,"[CSS] Re-enable dynamic CSS pseudo-classes"
,33,"https://bugs.eclipse.org/bugs/show_bug.cgi?id=371785",371785,"Remove ""Default"" theme?"
,34,"https://bugs.eclipse.org/bugs/show_bug.cgi?id=374017",374017,"Enable refresh even when selection has closed projects"
,35,"https://bugs.eclipse.org/bugs/show_bug.cgi?id=153761",153761,"[Mac] Investigate API for contributing to the application menu"
,36,"https://bugs.eclipse.org/bugs/show_bug.cgi?id=263820",263820,"[UI] Handlers seems to resolve their URIs early"
,37,"https://bugs.eclipse.org/bugs/show_bug.cgi?id=269269",269269,"[Compatibility] Need support for legacy toolbars"
,38,"https://bugs.eclipse.org/bugs/show_bug.cgi?id=269271",269271,"[Compatibility] URISyntaxException when workspace loc has space"
,39,"https://bugs.eclipse.org/bugs/show_bug.cgi?id=279631",279631,"[Compatibility] View toolbar clips folder tab"
,40,"https://bugs.eclipse.org/bugs/show_bug.cgi?id=281144",281144,"[Compatibility][UI] Part rendering is destroyed by tab-height of 20"
,41,"https://bugs.eclipse.org/bugs/show_bug.cgi?id=283930",283930,"[Compatibility] Dirty state tracking causes SWTExceptions when editing in with multiple workbench windows"
,42,"https://bugs.eclipse.org/bugs/show_bug.cgi?id=284387",284387,"[Compatibility] pagesite (Outline, Synchronize) actionbar contributions only show up once"
,43,"https://bugs.eclipse.org/bugs/show_bug.cgi?id=284413",284413,"[Compatibility] Create a model instance wizard"
,44,"https://bugs.eclipse.org/bugs/show_bug.cgi?id=284439",284439,"[Compatibility] NPE in FormOutlinePage during delete"
,45,"https://bugs.eclipse.org/bugs/show_bug.cgi?id=284489",284489,"[Compatibility] Ref to TestPerspectiveFactory in plugin.xml"
,46,"https://bugs.eclipse.org/bugs/show_bug.cgi?id=284788",284788,"[Compatibility] Sometimes you can't see a new editor tab"
,47,"https://bugs.eclipse.org/bugs/show_bug.cgi?id=289253",289253,"[Compatibility] Missing tool/menu for adding breakpoints on thrown exceptions"
,48,"https://bugs.eclipse.org/bugs/show_bug.cgi?id=292251",292251,"[Compatibility] Toggling of breakpoints is not propagated properly"
,49,"https://bugs.eclipse.org/bugs/show_bug.cgi?id=308642",308642,"[Compatibility] command executed in closed XML view"
,50,"https://bugs.eclipse.org/bugs/show_bug.cgi?id=309160",309160,"[Compatibility] Editor bars for markers and annotations are the wrong color"
,51,"https://bugs.eclipse.org/bugs/show_bug.cgi?id=309248",309248,"[Compatibility] Unsaved changes dialog needs polish"
,52,"https://bugs.eclipse.org/bugs/show_bug.cgi?id=309807",309807,"[Compatibility] SelectionServiceImpl throws NPE in @PD if the window has perspectives"
,53,"https://bugs.eclipse.org/bugs/show_bug.cgi?id=310139",310139,"[Compatibility] synchronizing switches perspectives"
,54,"https://bugs.eclipse.org/bugs/show_bug.cgi?id=314463",314463,"[Compatibility] Cannot reopen one editor - NPE in PartServiceImpl"
,55,"https://bugs.eclipse.org/bugs/show_bug.cgi?id=316072",316072,"[Compatibility] clicking on a method in the editor threw an exception"
,56,"https://bugs.eclipse.org/bugs/show_bug.cgi?id=316470",316470,"[Compatibility] e4 story for dealing with custom IContributionItem implementations"
,57,"https://bugs.eclipse.org/bugs/show_bug.cgi?id=316515",316515,"[Compatibility] IPresentationEngine.stop called twice"
,58,"https://bugs.eclipse.org/bugs/show_bug.cgi?id=317809",317809,"[Compatibility] Sync view showed up in the java perpsective"
,59,"https://bugs.eclipse.org/bugs/show_bug.cgi?id=318168",318168,"[Compatibility] After using CTRL+3 for a while we in trouble with mozilla"
,60,"https://bugs.eclipse.org/bugs/show_bug.cgi?id=318210",318210,"[Compatibility] Restart caused NPE and opened error dialogs"
,61,"https://bugs.eclipse.org/bugs/show_bug.cgi?id=318218",318218,"[Compatibility] trying to close the Java perspective throws NPEs"
,62,"https://bugs.eclipse.org/bugs/show_bug.cgi?id=318460",318460,"[Compatibility] Failed to open error log in I20100629-2126"
,63,"https://bugs.eclipse.org/bugs/show_bug.cgi?id=319121",319121,"[Compatibility] 'Breakpoints' view goes dirty but cannot be saved"
,64,"https://bugs.eclipse.org/bugs/show_bug.cgi?id=319182",319182,"[Compatibility] calling removeGui on menuBar causes TrimmedPartLayout.layout(*) exception"
,65,"https://bugs.eclipse.org/bugs/show_bug.cgi?id=319377",319377,"[Compatibility] Multiple dialogs appears to confuse context chain"
,66,"https://bugs.eclipse.org/bugs/show_bug.cgi?id=319694",319694,"[Compatibility] Some actions in view toolbars may be disabled until you activate the part"
,67,"https://bugs.eclipse.org/bugs/show_bug.cgi?id=320160",320160,"[Compatibility] Closing last editor in a maximized editor area should unmaximize the editor area"
,68,"https://bugs.eclipse.org/bugs/show_bug.cgi?id=320161",320161,"[Compatibility] About dialog shows scroll bars, need to backport bug 292868"
,69,"https://bugs.eclipse.org/bugs/show_bug.cgi?id=320262",320262,"[Compatibility] switching back to the Java perspective gives me a blank"
,70,"https://bugs.eclipse.org/bugs/show_bug.cgi?id=320289",320289,"[Compatibility] Cheese in sync view"
,71,"https://bugs.eclipse.org/bugs/show_bug.cgi?id=320500",320500,"[Compatibility] max/min editor makes view stack tabs disappear"
,72,"https://bugs.eclipse.org/bugs/show_bug.cgi?id=320672",320672,"[Compatibility] SWTException when activating an editor with stale content causes"
,73,"https://bugs.eclipse.org/bugs/show_bug.cgi?id=320733",320733,"[Compatibility] Exception logged once when bringing up the 'Team' submenu"
,74,"https://bugs.eclipse.org/bugs/show_bug.cgi?id=320739",320739,"[Compatibility] 'Content Assist' submenu of the 'Edit' menu appears in the wrong place"
,75,"https://bugs.eclipse.org/bugs/show_bug.cgi?id=320766",320766,"[Compatibility] Error log has no toolbar after restart"
,76,"https://bugs.eclipse.org/bugs/show_bug.cgi?id=320932",320932,"[Compatibility] Can't start Eclipse 4 SDK with proxy authentication"
,77,"https://bugs.eclipse.org/bugs/show_bug.cgi?id=323075",323075,"Headless usage of Eclipse 4 RCP (without a Window) - Context of model elements should be explicitly created and filled"
,78,"https://bugs.eclipse.org/bugs/show_bug.cgi?id=325779",325779,"[Compatibility] minimized stack is gone"
,79,"https://bugs.eclipse.org/bugs/show_bug.cgi?id=328704",328704,"[Compatibility] Cannot start workspace with I20101026-0203"
,80,"https://bugs.eclipse.org/bugs/show_bug.cgi?id=329343",329343,"[Compatibility] 'showTitle' parameter is ignored in IPageLayout's standalone view/placeholder addition methods"
,81,"https://bugs.eclipse.org/bugs/show_bug.cgi?id=330837",330837,"[Compatibility] out of handles"
,82,"https://bugs.eclipse.org/bugs/show_bug.cgi?id=331131",331131,"[Compatibility] Closing a project generates errors"
,83,"https://bugs.eclipse.org/bugs/show_bug.cgi?id=331440",331440,"[Compatibility] Target Management needs to run on 4.x"
,84,"https://bugs.eclipse.org/bugs/show_bug.cgi?id=331645",331645,"EventBroker#unsubscribe is not working when same eventhandler registered for more than one topic"
,85,"https://bugs.eclipse.org/bugs/show_bug.cgi?id=332130",332130,"[Compatibility] create runtime contexts correctly"
,86,"https://bugs.eclipse.org/bugs/show_bug.cgi?id=333742",333742,"[Compatibility] MoDisco needs to run on Eclipse 4.x"
,87,"https://bugs.eclipse.org/bugs/show_bug.cgi?id=333763",333763,"[Compatibility] Acceleo needs to run on Eclipse 4.x"
,88,"https://bugs.eclipse.org/bugs/show_bug.cgi?id=334303",334303,"[Compatibility] Web Tools Platform needs to run on Eclipse 4.x"
,89,"https://bugs.eclipse.org/bugs/show_bug.cgi?id=337594",337594,"[Compatibility] ISources.ACTIVE_WORKBENCH_WINDOW_ACTIVE_PERSPECTIVE_NAME is not in the context"
,90,"https://bugs.eclipse.org/bugs/show_bug.cgi?id=339352",339352,"[Compatibility] [DND] hitting ESC caused an NPE"
,91,"https://bugs.eclipse.org/bugs/show_bug.cgi?id=339740",339740,"Examine the layout behavior"
,92,"https://bugs.eclipse.org/bugs/show_bug.cgi?id=341346",341346,"[Compatibility] part does not exist ... but it does"
,93,"https://bugs.eclipse.org/bugs/show_bug.cgi?id=342911",342911,"[Compatibility] DBCS4.1 Problems view icon does not indicate error/warning in Eclipse 4.1"
,94,"https://bugs.eclipse.org/bugs/show_bug.cgi?id=344121",344121,"[Compatibility] Lazy loading does not appear to work for a dynamic contribution to popup:org.eclipse.ui.popup.any"
,95,"https://bugs.eclipse.org/bugs/show_bug.cgi?id=344234",344234,"Can not change View Title Fonts in preference"
,96,"https://bugs.eclipse.org/bugs/show_bug.cgi?id=347643",347643,"[Compatibility] Editor actions linger in toolbar when opening new workbench window"
,97,"https://bugs.eclipse.org/bugs/show_bug.cgi?id=347843",347843,"[Compatibility] Save handling has changed in 3.x"
,98,"https://bugs.eclipse.org/bugs/show_bug.cgi?id=348821",348821,"[Compatibility] Update the ISV doc as much as possible"
,99,"https://bugs.eclipse.org/bugs/show_bug.cgi?id=349219",349219,"[Compatibility] DND of part stack may result in part stack being lodged outside of perspective"
,100,"https://bugs.eclipse.org/bugs/show_bug.cgi?id=355426",355426,"[Compatibility] Isolate all model relative searching code into one method"
,101,"https://bugs.eclipse.org/bugs/show_bug.cgi?id=361469",361469,"Improve PartStack keyboard accessibility"
,102,"https://bugs.eclipse.org/bugs/show_bug.cgi?id=363069",363069,"[Compatibility] multi-stroke key bindings should provide status line indication"
,103,"https://bugs.eclipse.org/bugs/show_bug.cgi?id=364566",364566,"[performance] Huge regression in performance test ObjectContributionsPerformance#testObjectContributions:limited selection, limited contributors()"
,104,"https://bugs.eclipse.org/bugs/show_bug.cgi?id=365592",365592,"UI Event subscriber should use @UIEventTopic instead of EventBroker.subscribe where possible"
,105,"https://bugs.eclipse.org/bugs/show_bug.cgi?id=366534",366534,"[Compatibility] Failures in UIAutomatedSuite"
,106,"https://bugs.eclipse.org/bugs/show_bug.cgi?id=366554",366554,"[Compatibility] failures in CommandsTestSuite"
,107,"https://bugs.eclipse.org/bugs/show_bug.cgi?id=366562",366562,"[Compatibility] command service getHelpContextId(*) not implemented"
,108,"https://bugs.eclipse.org/bugs/show_bug.cgi?id=366564",366564,"[Compatibility] command state not properly represented in Eclipse 4"
,109,"https://bugs.eclipse.org/bugs/show_bug.cgi?id=366571",366571,"[Compatibility] editor and view action delegates are not properly scoped"
,110,"https://bugs.eclipse.org/bugs/show_bug.cgi?id=366595",366595,"[Compatibility] Failures in ServicesTestSuite"
,111,"https://bugs.eclipse.org/bugs/show_bug.cgi?id=366608",366608,"[Compatibility] Failures in KeysTestSuite"
,112,"https://bugs.eclipse.org/bugs/show_bug.cgi?id=366635",366635,"[Tests] DynamicPluginsTestSuite has failures"
,113,"https://bugs.eclipse.org/bugs/show_bug.cgi?id=366708",366708,"Workbench.openWorkbenchWindow() calls createWorkbenchWindow 10 times"
,114,"https://bugs.eclipse.org/bugs/show_bug.cgi?id=368470",368470,"Editor Selection dialog displays Bidirectional strings in left-to-right orientation"
,115,"https://bugs.eclipse.org/bugs/show_bug.cgi?id=368558",368558,"Main tool bar should have its style bits defined by CSS"
,116,"https://bugs.eclipse.org/bugs/show_bug.cgi?id=368588",368588,"Workbench window toolbar configuration always goes to right justification"
,117,"https://bugs.eclipse.org/bugs/show_bug.cgi?id=369237",369237,"Are we using org.eclipse.e4.emf.xpath?"
,118,"https://bugs.eclipse.org/bugs/show_bug.cgi?id=369978",369978,"Regression in traversal of editor tabs from 3.x to 4.x"
,119,"https://bugs.eclipse.org/bugs/show_bug.cgi?id=370811",370811,"View menu doesn't update when adding item to menu model"
,120,"https://bugs.eclipse.org/bugs/show_bug.cgi?id=371586",371586,"Searching for markers: IllegalArgumentException: Comparison method violates its general contract!"
,121,"https://bugs.eclipse.org/bugs/show_bug.cgi?id=371665",371665,"Need a low colour or high contrast theme in 4.2"
,122,"https://bugs.eclipse.org/bugs/show_bug.cgi?id=371934",371934,"[Compatibility] Extra/incorrect categories in the CPD"
,123,"https://bugs.eclipse.org/bugs/show_bug.cgi?id=372508",372508,"CoreExpressions for first level MMenus under MMenu bar are not evaluated"
,124,"https://bugs.eclipse.org/bugs/show_bug.cgi?id=373007",373007,"Missing context menu on workbench window toolbar (Customize Perspective...)"
,125,"https://bugs.eclipse.org/bugs/show_bug.cgi?id=373011",373011,"Action#setText(String) does not update in 4.2"
,126,"https://bugs.eclipse.org/bugs/show_bug.cgi?id=374132",374132,"[Compatibility][api] IWorkbenchPage's showEditor(*) and hideEditor(*) methods are unimplemented"
,127,"https://bugs.eclipse.org/bugs/show_bug.cgi?id=374307",374307,"3.x bridge - how we make corresponding 4.x elements"
,128,"https://bugs.eclipse.org/bugs/show_bug.cgi?id=375583",375583,"[CSS] Cannot set foreground colour on a CTabItem"
,129,"https://bugs.eclipse.org/bugs/show_bug.cgi?id=375734",375734,"make contributed trims moveable"
,130,"https://bugs.eclipse.org/bugs/show_bug.cgi?id=376046",376046,"Customize Perspective doesn't show new toolbar button unless group enabled first"
,131,"https://bugs.eclipse.org/bugs/show_bug.cgi?id=376491",376491,"Compare editor shortcuts"
,132,"https://bugs.eclipse.org/bugs/show_bug.cgi?id=377906",377906,"Model / SWT interactions are not well enough defined"
,133,"https://bugs.eclipse.org/bugs/show_bug.cgi?id=377999",377999,"Support per-element renderers"
,134,"https://bugs.eclipse.org/bugs/show_bug.cgi?id=378105",378105,"Sash resizing affects all elements"
,135,"https://bugs.eclipse.org/bugs/show_bug.cgi?id=378106",378106,"[Compatibility] Changes to DirectContributionItems should update corresponding actions"
,136,"https://bugs.eclipse.org/bugs/show_bug.cgi?id=378408",378408,"Need to re-examine how we manage the various 'firePart...' events as well as how we respond to them"
,137,"https://bugs.eclipse.org/bugs/show_bug.cgi?id=378517",378517,"making eclipse smaller can cause status area to grow tall"
,138,"https://bugs.eclipse.org/bugs/show_bug.cgi?id=378591",378591,"Popupmenu: hide menu item by evaluating outcome of @CanExecute-annotated method"
4,139,"https://bugs.eclipse.org/bugs/show_bug.cgi?id=378644",378644,"All but 1 window lost when starting 3.x workspace with 4.2"
5,140,"https://bugs.eclipse.org/bugs/show_bug.cgi?id=378672",378672,"Part tab and tool bar colors/rendering are confusing"
4,141,"https://bugs.eclipse.org/bugs/show_bug.cgi?id=378811",378811,"Support separation of the Workspace and the saved UI Model (was: can't save and import perspectives)"
,142,"https://bugs.eclipse.org/bugs/show_bug.cgi?id=378861",378861,"Context Menu not available for Dialogs"
,143,"https://bugs.eclipse.org/bugs/show_bug.cgi?id=378939",378939,"Request to close the lifecycle of the application model"
,144,"https://bugs.eclipse.org/bugs/show_bug.cgi?id=379142",379142,"[Compatilibility][Regression] Editor-contributed actions disabled when closing editor and switching to same type"
,145,"https://bugs.eclipse.org/bugs/show_bug.cgi?id=379557",379557,"Maximize animations problematic on multi-monitor setups"
,146,"https://bugs.eclipse.org/bugs/show_bug.cgi?id=380946",380946,"[Compatibility] helpContextId not registered for legacy handlers"
,147,"https://bugs.eclipse.org/bugs/show_bug.cgi?id=382070",382070,"Dynamic menu model changes are not reflected in the UI"
,148,"https://bugs.eclipse.org/bugs/show_bug.cgi?id=382224",382224,"Suggestion for an E4 Splash Screen Service"
5,149,"https://bugs.eclipse.org/bugs/show_bug.cgi?id=384835",384835,"Some org.eclipse.ui.workbench fixes from 3.6 and 3.7 didn't make it into 4.2"
,150,"https://bugs.eclipse.org/bugs/show_bug.cgi?id=385295",385295,"Malformed Java class properties with Hebrew"
,151,"https://bugs.eclipse.org/bugs/show_bug.cgi?id=385367",385367,"Toolbar items do not appear in expected location."
,152,"https://bugs.eclipse.org/bugs/show_bug.cgi?id=385547",385547,"[PerspectiveSwitcher] Remove all dependencies on org.eclipse.ui.* (Pure E4)"
,153,"https://bugs.eclipse.org/bugs/show_bug.cgi?id=385565",385565,"Menu contribution processing has different results in 4.2 than 3.8"
,154,"https://bugs.eclipse.org/bugs/show_bug.cgi?id=387291",387291,"Remove 'Fast view' preference references"
,155,"https://bugs.eclipse.org/bugs/show_bug.cgi?id=387714",387714,"[CSS] Tag changes are not propagated as CSS class"
,156,"https://bugs.eclipse.org/bugs/show_bug.cgi?id=387978",387978,"[Min/Max] Console popup (above another maximized view/editor) does not disappear anymore as long as it hasn't got focus at least once"
,157,"https://bugs.eclipse.org/bugs/show_bug.cgi?id=388482",388482,"Dragging toolbars to different trim should change orientation"
,158,"https://bugs.eclipse.org/bugs/show_bug.cgi?id=391768",391768,"MenuManagerRenderer uses internal JFace API (MenuManagerEventHelper)"
,159,"https://bugs.eclipse.org/bugs/show_bug.cgi?id=391914",391914,"Minimize error"
,160,"https://bugs.eclipse.org/bugs/show_bug.cgi?id=392903",392903,"Easier and more powerful lifecycle handling for Windows, Perspectives, ..."
,161,"https://bugs.eclipse.org/bugs/show_bug.cgi?id=393839",393839,"Extensions concept for Renderer factory"
,162,"https://bugs.eclipse.org/bugs/show_bug.cgi?id=395205",395205,"Allow custom renderers to be defined using CSS"
,163,"https://bugs.eclipse.org/bugs/show_bug.cgi?id=395329",395329,"Make the Drag and drop feedback color styleable through CSS"
,164,"https://bugs.eclipse.org/bugs/show_bug.cgi?id=395513",395513,"Part activation is tracked in two places"
,165,"https://bugs.eclipse.org/bugs/show_bug.cgi?id=397704",397704,"ElementContainerImpl.getChildren uses expensive computation"
,166,"https://bugs.eclipse.org/bugs/show_bug.cgi?id=399659",399659,"Updating a keybinding causes CCE"
,167,"https://bugs.eclipse.org/bugs/show_bug.cgi?id=401114",401114,"Closing inactive editor re-activates active editor"
5,168,"https://bugs.eclipse.org/bugs/show_bug.cgi?id=401327",401327,"AbstractMultiEditor.getInnerEditorContainer is never called"
,169,"https://bugs.eclipse.org/bugs/show_bug.cgi?id=401488",401488,"Key binding conflict reported for a multipage editor even though the functionality works"
,170,"https://bugs.eclipse.org/bugs/show_bug.cgi?id=401655",401655,"Create e4 based Progress View"
,171,"https://bugs.eclipse.org/bugs/show_bug.cgi?id=402519",402519,"Core expressions are not evaluated in compatibility mode"
,172,"https://bugs.eclipse.org/bugs/show_bug.cgi?id=403011",403011,"Full screen mode not remembered"
,173,"https://bugs.eclipse.org/bugs/show_bug.cgi?id=404015",404015,"[DND] Drag and drop of jobs trim item is broken"
,174,"https://bugs.eclipse.org/bugs/show_bug.cgi?id=405681",405681,"Use tag to render stack below parts"
,175,"https://bugs.eclipse.org/bugs/show_bug.cgi?id=406670",406670,"Eclipse shell/window is visible after WorkbenchWindowAdvisor.postwindowopen()"
,176,"https://bugs.eclipse.org/bugs/show_bug.cgi?id=406763",406763,"Workbench is returning null for IWorkbenchActivitySupport."
,177,"https://bugs.eclipse.org/bugs/show_bug.cgi?id=407300",407300,"[Compatibility] Key bindings are not correctly handled"
,178,"https://bugs.eclipse.org/bugs/show_bug.cgi?id=409934",409934,"Enable API tools for the e4.core bundles"
,179,"https://bugs.eclipse.org/bugs/show_bug.cgi?id=410164",410164,"Duplicate views appear after dragging view in share area and back to stack"
,180,"https://bugs.eclipse.org/bugs/show_bug.cgi?id=411386",411386,"Enable separate UI presentations based on monitor configurations"
,181,"https://bugs.eclipse.org/bugs/show_bug.cgi?id=412322",412322,"Release ExtendedObjectSupplier as API for Eclipse 4.4"
,182,"https://bugs.eclipse.org/bugs/show_bug.cgi?id=412373",412373,"Platform API candidates for Eclipse 4.4"
,183,"https://bugs.eclipse.org/bugs/show_bug.cgi?id=413348",413348,"Stream leaks in AbstractCSSEngine"
,184,"https://bugs.eclipse.org/bugs/show_bug.cgi?id=413355",413355,"When editor is detached the save icons are not enabled for dirty files"
,185,"https://bugs.eclipse.org/bugs/show_bug.cgi?id=413943",413943,"Make ""instance/org.eclipse.ui.ide/WORKSPACE_NAME"" a public preference"
,186,"https://bugs.eclipse.org/bugs/show_bug.cgi?id=415382",415382,"Commands contributed from extensions remain after the plugin is gone"
,187,"https://bugs.eclipse.org/bugs/show_bug.cgi?id=416138",416138,"[regression] Missing DnD support for minimized stack items"
,188,"https://bugs.eclipse.org/bugs/show_bug.cgi?id=416142",416142,"[regression] Incomplete system menu for views"
,189,"https://bugs.eclipse.org/bugs/show_bug.cgi?id=28722",28722,"[EditorMgmt] tabs: Split tabs in editor into several lines"
,190,"https://bugs.eclipse.org/bugs/show_bug.cgi?id=117746",117746,"[EditorMgmt] Editors should be able to treat large files specially (e.g. deny opening huge files)"
4,191,"https://bugs.eclipse.org/bugs/show_bug.cgi?id=148574",148574,"[WorkbenchParts] partHidden partVisible not called if you minimize or restore"
,192,"https://bugs.eclipse.org/bugs/show_bug.cgi?id=162006",162006,"[QuickAccess] Make Ctrl-3 extensible"
,193,"https://bugs.eclipse.org/bugs/show_bug.cgi?id=168379",168379,"[EditorMgmt] Investigate possible editor tab management improvements"
,194,"https://bugs.eclipse.org/bugs/show_bug.cgi?id=178229",178229,"[Dialogs] [EditorMgmt] Open Resource dialog should not fully create all editors"
,195,"https://bugs.eclipse.org/bugs/show_bug.cgi?id=183458",183458,"[Progress] Need to have UIJobs wait until workbench has started"
,196,"https://bugs.eclipse.org/bugs/show_bug.cgi?id=201589",201589,"[Contributions] visibleWhen has no effect on toolbar"
,197,"https://bugs.eclipse.org/bugs/show_bug.cgi?id=209873",209873,"[Workbench] [Incubator] Support dependency injection for contributed views, editors, etc"
,198,"https://bugs.eclipse.org/bugs/show_bug.cgi?id=222877",222877,"[BiDi] [WorkbenchLauncher] BIDI3.4:HCG Inconsistent alignment in combo box containing file path"
,199,"https://bugs.eclipse.org/bugs/show_bug.cgi?id=234331",234331,"[Viewers] IStructuredSelection should be Iterable"
,200,"https://bugs.eclipse.org/bugs/show_bug.cgi?id=242246",242246,"[Commands] HandlerUtil.getActivePart() returns null when a dialog is opened."
,201,"https://bugs.eclipse.org/bugs/show_bug.cgi?id=244364",244364,"[EditorMgmt] Implement a split editor based on AbstractMultiEditor"
,202,"https://bugs.eclipse.org/bugs/show_bug.cgi?id=248561",248561,"[Progress] Accessibility: Text changes in progress dialogs are not read by screen readers"
,203,"https://bugs.eclipse.org/bugs/show_bug.cgi?id=278647",278647,"[KeyBindings] Remove Keys..Export"
,204,"https://bugs.eclipse.org/bugs/show_bug.cgi?id=290008",290008,"[DnD] Enhance drag and drop to automatically surface the view/editor if hidden in a tab"
,205,"https://bugs.eclipse.org/bugs/show_bug.cgi?id=299493",299493,"Need a status line renderer / enhancements to trim model"
,206,"https://bugs.eclipse.org/bugs/show_bug.cgi?id=308689",308689,"[Dialogs] FilteredItemsSelectionDialog ignores single asterisk (*)"
,207,"https://bugs.eclipse.org/bugs/show_bug.cgi?id=317379",317379,"[DetachedView] [Presentations] All detached views pop up when user clicks on only one of the detached views or main window"
,208,"https://bugs.eclipse.org/bugs/show_bug.cgi?id=317465",317465,"Implement context menu equivalents for 3.x context menus on Views/Editors/Perspectives (in the switcher)"
,209,"https://bugs.eclipse.org/bugs/show_bug.cgi?id=318224",318224,"[Decorators] Decoration context should specify decoration area in image (was: Model-based synchronize view shows decorations at unexpected location)"
,210,"https://bugs.eclipse.org/bugs/show_bug.cgi?id=318435",318435,"[Contributions] Changes in the application model for the menu are not reflected in the user interface"
,211,"https://bugs.eclipse.org/bugs/show_bug.cgi?id=319983",319983,"[Workbench] [Compatibility] Reassess how selection should work in PageBookView"
,212,"https://bugs.eclipse.org/bugs/show_bug.cgi?id=320727",320727,"[WorkbenchParts] IPartListener2.partVisible is called twice"
,213,"https://bugs.eclipse.org/bugs/show_bug.cgi?id=321864",321864,"[Compatibility] Parts, placeholders, editor areas, and what they mean to the 3.x API"
5,214,"https://bugs.eclipse.org/bugs/show_bug.cgi?id=325937",325937,"Active part/stack hard to detect"
,215,"https://bugs.eclipse.org/bugs/show_bug.cgi?id=336612",336612,"Save blocks UI instead of reporting progress"
,216,"https://bugs.eclipse.org/bugs/show_bug.cgi?id=338470",338470,"Minimized stacks break lazy loading rules"
,217,"https://bugs.eclipse.org/bugs/show_bug.cgi?id=338827",338827,"[Commands] Regression in 3.6.2 handler enabledWhen core expression"
4,218,"https://bugs.eclipse.org/bugs/show_bug.cgi?id=340889",340889,"[CSS] Platform color scheme does not work together with SWT color constants"
,219,"https://bugs.eclipse.org/bugs/show_bug.cgi?id=344638",344638,"Enhance the Logger's 'SHOW' dialog with one the contains the Error View"
3,220,"https://bugs.eclipse.org/bugs/show_bug.cgi?id=345608",345608,"[patch][Markers] Horrible performance removing markers from Problems View taking hours to do the job"
,221,"https://bugs.eclipse.org/bugs/show_bug.cgi?id=345762",345762,"Tool bar in the photo demo's tab folder looks awful"
,222,"https://bugs.eclipse.org/bugs/show_bug.cgi?id=346009",346009,"[DND] [Compatibility] Can't DND editors to an editor area in another window"
,223,"https://bugs.eclipse.org/bugs/show_bug.cgi?id=347829",347829,"[Contributions] PropertyTester not getting fired for objectContribution(s) unless view from providing plug-in is loaded."
,224,"https://bugs.eclipse.org/bugs/show_bug.cgi?id=348250",348250,"Context's are not correctly reparented in createGui"
,225,"https://bugs.eclipse.org/bugs/show_bug.cgi?id=348331",348331,"[Dialogs] Customize Perspective dialog - disabled/unavailable tree item labels not visible"
,226,"https://bugs.eclipse.org/bugs/show_bug.cgi?id=348429",348429,"[Compare] NPE in ContentMergeViewerLayout.layout"
,227,"https://bugs.eclipse.org/bugs/show_bug.cgi?id=348940",348940,"[UI] Dragging a stack into the shared area leaves its min/max buttons showing"
,228,"https://bugs.eclipse.org/bugs/show_bug.cgi?id=349144",349144,"[UI] Editor Stack selection needs refinement"
,229,"https://bugs.eclipse.org/bugs/show_bug.cgi?id=350251",350251,"Strategy for porting useful org.eclipse.ui.* bits for Eclipse4 RCP apps"
,230,"https://bugs.eclipse.org/bugs/show_bug.cgi?id=350799",350799,"[Commands] Toolbar drop downs do not appear (menuContribution)"
,231,"https://bugs.eclipse.org/bugs/show_bug.cgi?id=351363",351363,"[E4] Allow some of the 'standard' views to be used in E4 RCP apps without needing the compatibility layer"
,232,"https://bugs.eclipse.org/bugs/show_bug.cgi?id=351367",351367,"Remove the use of the 'deltas' approach"
,233,"https://bugs.eclipse.org/bugs/show_bug.cgi?id=352690",352690,"[DND] EditorAreaDropAdapter should ignore empty events"
,234,"https://bugs.eclipse.org/bugs/show_bug.cgi?id=352938",352938,"[Commands] two propertyTester are crashing on selection with two different objects"
,235,"https://bugs.eclipse.org/bugs/show_bug.cgi?id=354190",354190,"[Compatibility] Dynamic menu displays only first item when extending ContributionItem rather than CompoundContributionItem"
,236,"https://bugs.eclipse.org/bugs/show_bug.cgi?id=354538",354538,"[Compatibility] Window menus and toolbars leaked after having been closed"
4,237,"https://bugs.eclipse.org/bugs/show_bug.cgi?id=355946",355946,"""View and Editor Folders"" color preferences don't work"
,238,"https://bugs.eclipse.org/bugs/show_bug.cgi?id=356457",356457,"[Markers] Problems view loses its ""group by"" state when being closed"
,239,"https://bugs.eclipse.org/bugs/show_bug.cgi?id=357652",357652,"[Compatibility] Allow model contribution to be merged into the model AFTER the compat layer"
,240,"https://bugs.eclipse.org/bugs/show_bug.cgi?id=359597",359597,"Reset perspective with views in shared area should reset views in all effected perspectives"
,241,"https://bugs.eclipse.org/bugs/show_bug.cgi?id=360357",360357,"CanExecute of Handler are checked ever 500ms"
,242,"https://bugs.eclipse.org/bugs/show_bug.cgi?id=360815",360815,"[Compatibility] Cannot retrieve model item from within a legacy handler"
,243,"https://bugs.eclipse.org/bugs/show_bug.cgi?id=361133",361133,"[Compatibility] WorkbenchWindowAdvisor.createWindowContents(Shell) not called any more"
,244,"https://bugs.eclipse.org/bugs/show_bug.cgi?id=362420",362420,"Make ""Quick access"" optional and hidden by default"
,245,"https://bugs.eclipse.org/bugs/show_bug.cgi?id=363600",363600,"Perspectives lost when migrating from 3.8 to 4.2"
,246,"https://bugs.eclipse.org/bugs/show_bug.cgi?id=364838",364838,"[Compatibility] NPE in PopupMenuExtender#cleanUpContributionCache while running SWTBot"
,247,"https://bugs.eclipse.org/bugs/show_bug.cgi?id=364975",364975,"[patch][Presentations] Icons from one view's toolbar flicker in the top left view's title area"
,248,"https://bugs.eclipse.org/bugs/show_bug.cgi?id=365804",365804,"[Bidi] HEW TVT : RTL affecting path names and negative numbers."
,249,"https://bugs.eclipse.org/bugs/show_bug.cgi?id=366080",366080,"expanding java editor that is not the currently selected editor causes screen painting issues"
,250,"https://bugs.eclipse.org/bugs/show_bug.cgi?id=366543",366543,"[Progress] Text in progress dialog is truncated even if progress dialog has plenty of space"
,251,"https://bugs.eclipse.org/bugs/show_bug.cgi?id=366991",366991,"[Markers] NPE in MarkerGroup.addEntry() by opening the Problems view via ""Ctrl+3"""
,252,"https://bugs.eclipse.org/bugs/show_bug.cgi?id=368187",368187,"Services pre-API cleanup"
,253,"https://bugs.eclipse.org/bugs/show_bug.cgi?id=369796",369796,"Enable unibrow editor mode in CSS"
,254,"https://bugs.eclipse.org/bugs/show_bug.cgi?id=369882",369882,"visibleWhen and checkenabled=true not working correctly in menu"
,255,"https://bugs.eclipse.org/bugs/show_bug.cgi?id=372247",372247,"[KeyBindings] interactions: Mnemonics should not work across workbench parts"
,256,"https://bugs.eclipse.org/bugs/show_bug.cgi?id=372393",372393,"[Compatibility] Remove MRenderedToolBar and its associated renderer"
,257,"https://bugs.eclipse.org/bugs/show_bug.cgi?id=372448",372448,"Colour mismatch in the workbench toolbar"
,258,"https://bugs.eclipse.org/bugs/show_bug.cgi?id=372523",372523,"[Workbench] Rework Workbench startup so it doesn't use LegacyIDE.e4xmi"
,259,"https://bugs.eclipse.org/bugs/show_bug.cgi?id=372799",372799,"[GlobalActions] ViewPart cannot adapt ISaveablePart any longer but must implement it."
,260,"https://bugs.eclipse.org/bugs/show_bug.cgi?id=373015",373015,"Provide support for system theme properties in CSS"
,261,"https://bugs.eclipse.org/bugs/show_bug.cgi?id=373016",373016,"[CSS] Provide support for font size as a percentage in CSS"
5,262,"https://bugs.eclipse.org/bugs/show_bug.cgi?id=373294",373294,"Improve startup time"
,263,"https://bugs.eclipse.org/bugs/show_bug.cgi?id=374051",374051,"[JFace] SWTFocusBlockManager & FocusBlockHighlighter"
,264,"https://bugs.eclipse.org/bugs/show_bug.cgi?id=374894",374894,"WWinPluginActions need to clean up on part close"
,265,"https://bugs.eclipse.org/bugs/show_bug.cgi?id=375401",375401,"[Intro] Minimizing Welcome/Intro hides toolbars"
,266,"https://bugs.eclipse.org/bugs/show_bug.cgi?id=376302",376302,"editor ruler not/hardly visible"
,267,"https://bugs.eclipse.org/bugs/show_bug.cgi?id=377293",377293,"[Compatibility] ICommandService/IExecutionListener pattern needs re-visit"
,268,"https://bugs.eclipse.org/bugs/show_bug.cgi?id=377448",377448,"[DynamicGUI] Contributions Made Through IExtensionRegistry.addContribution May Or May Not Show Up"
,269,"https://bugs.eclipse.org/bugs/show_bug.cgi?id=378798",378798,"bidi2012 - Incorrect display of Workspace path with Hebrew in workspace list"
,270,"https://bugs.eclipse.org/bugs/show_bug.cgi?id=378815",378815,"Need better story for handling model elements that should disappear on startup"
,271,"https://bugs.eclipse.org/bugs/show_bug.cgi?id=378873",378873,"""Configuration"" menu contribution at wrong position in Java editor breadcrumb"
,272,"https://bugs.eclipse.org/bugs/show_bug.cgi?id=379094",379094,"bidi2012 - Error when paste project path with Hebrew to Windows Explorer"
,273,"https://bugs.eclipse.org/bugs/show_bug.cgi?id=379257",379257,"[GlobalActions] Registering actions should not be required to use standard org.eclipse.ui commands"
,274,"https://bugs.eclipse.org/bugs/show_bug.cgi?id=379396",379396,"How to set the style of the application window"
,275,"https://bugs.eclipse.org/bugs/show_bug.cgi?id=379719",379719,"bidi2012 - Wrong display of Hebrew in Properties caption, AIX"
,276,"https://bugs.eclipse.org/bugs/show_bug.cgi?id=379720",379720,"bidi2012- Incorrect display of path with Hebrew characters in Properties view - AIX"
,277,"https://bugs.eclipse.org/bugs/show_bug.cgi?id=379803",379803,"addStandaloneView ignores the show title argument"
,278,"https://bugs.eclipse.org/bugs/show_bug.cgi?id=379806",379806,"IWorkbenchPage.savePerspective throws an Exception"
,279,"https://bugs.eclipse.org/bugs/show_bug.cgi?id=379992",379992,"[DND] NPE dragging Error Log view out to desktop"
,280,"https://bugs.eclipse.org/bugs/show_bug.cgi?id=380138",380138,"editor list popup not updated on ""close"" action"
,281,"https://bugs.eclipse.org/bugs/show_bug.cgi?id=380233",380233,"Right-clicking on the tool bar to customize it no longer works"
,282,"https://bugs.eclipse.org/bugs/show_bug.cgi?id=380663",380663,"Starting an old 4.2 workspace with a new build resets the perspectives"
,283,"https://bugs.eclipse.org/bugs/show_bug.cgi?id=380931",380931,"NotHandledException in Sketch diagram after pressing Shift-Del"
,284,"https://bugs.eclipse.org/bugs/show_bug.cgi?id=380995",380995,"[Workbench] LegacyIDE.e4xmi is not in an optional plugin"
,285,"https://bugs.eclipse.org/bugs/show_bug.cgi?id=381487",381487,"[BiDi] Handle bidi in affected text fields (when Hebrew characters appear in the path)"
,286,"https://bugs.eclipse.org/bugs/show_bug.cgi?id=382151",382151,"Error Disposing Widget after restarting the first time"
,287,"https://bugs.eclipse.org/bugs/show_bug.cgi?id=382625",382625,"Setting org.eclipse.ui/PERSPECTIVE_BAR_EXTRAS=myPerspectiveId1,myPerspectiveId2 in plugin_customization.ini"
,288,"https://bugs.eclipse.org/bugs/show_bug.cgi?id=382648",382648,"add Trace Log view"
,289,"https://bugs.eclipse.org/bugs/show_bug.cgi?id=383654",383654,"'Toggle Editor Area Visibility' needs to be renamed to 'Toggle Shared Area Visibility'"
,290,"https://bugs.eclipse.org/bugs/show_bug.cgi?id=383679",383679,"Contribution of a control via org.eclipse.ui.menus to a view toolbar leads to a NPE"
,291,"https://bugs.eclipse.org/bugs/show_bug.cgi?id=383746",383746,"Splash - missing space / About window - missing slash"
,292,"https://bugs.eclipse.org/bugs/show_bug.cgi?id=383793",383793,"""Open Perspective"" button does not show a list of default perspectives"
,293,"https://bugs.eclipse.org/bugs/show_bug.cgi?id=383832",383832,"WorkbenchAdvisor#postStartup behaviour changed"
,294,"https://bugs.eclipse.org/bugs/show_bug.cgi?id=383914",383914,"[QuickAccess] CMD+3 enables toolbar even if hidden previously"
,295,"https://bugs.eclipse.org/bugs/show_bug.cgi?id=384240",384240,"Allow to drag'n'drop view on a minimized stack"
,296,"https://bugs.eclipse.org/bugs/show_bug.cgi?id=384308",384308,"[DND] Moving editors between windows not working (slow down of development on dual monitors)"
,297,"https://bugs.eclipse.org/bugs/show_bug.cgi?id=384349",384349,"New Toolbar in Eclipse 4.2 with Resume, Step Into, ... is lost after restoring the perspective"
,298,"https://bugs.eclipse.org/bugs/show_bug.cgi?id=384351",384351,"Compatibility problem: Menu- and toolbar are not empty in Eclipse 4.2 even if configured via WorkbenchWindowAdvisor"
,299,"https://bugs.eclipse.org/bugs/show_bug.cgi?id=384548",384548,"Two distinct break point view menus"
,300,"https://bugs.eclipse.org/bugs/show_bug.cgi?id=385003",385003,"[Themes] Provide a set of icons with alpha transparency for dark themes - Platform icons"
,301,"https://bugs.eclipse.org/bugs/show_bug.cgi?id=385015",385015,"Easily adjust font, size and color of *every* UI element"
,302,"https://bugs.eclipse.org/bugs/show_bug.cgi?id=385302",385302,"Some custom ALT+... shortcuts do not work in Juno"
5,303,"https://bugs.eclipse.org/bugs/show_bug.cgi?id=385394",385394,"Performance issue regarding enabled state handling for menuContributions containing command (ToolItemUpdateTimer puts constant load on CPU)"
,304,"https://bugs.eclipse.org/bugs/show_bug.cgi?id=385507",385507,"@Inject/@Execute @Preference method isn't called"
,305,"https://bugs.eclipse.org/bugs/show_bug.cgi?id=385548",385548,"[rcp] minimized part's tooltip not translated"
,306,"https://bugs.eclipse.org/bugs/show_bug.cgi?id=385840",385840,"Setting a new label and tooltip text to a HandledToolItem does not work"
3,307,"https://bugs.eclipse.org/bugs/show_bug.cgi?id=386743",386743,"Workbench window toolbar has rendering bugs"
,308,"https://bugs.eclipse.org/bugs/show_bug.cgi?id=386804",386804,"The target area to DND Views and Editors into existing stacks is too small"
,309,"https://bugs.eclipse.org/bugs/show_bug.cgi?id=387821",387821,"[CPD] CustomizePerspectiveDialog requires 2 checks to hide Navigate>Show In"
,310,"https://bugs.eclipse.org/bugs/show_bug.cgi?id=387876",387876,"[DND] Dragging tab to new folder should reselect the previous tab in older folder after drop"
,311,"https://bugs.eclipse.org/bugs/show_bug.cgi?id=388510",388510,"Regression to 4.2: perspective commands enabled even if no perspective open ==> Exceptions"
,312,"https://bugs.eclipse.org/bugs/show_bug.cgi?id=388625",388625,"allow views to share space for a header and the toolbar"
,313,"https://bugs.eclipse.org/bugs/show_bug.cgi?id=388918",388918,"Clean up code in org.eclipse.e4.ui.widgets.ImageBasedFrame.drawFrame(PaintEvent)"
,314,"https://bugs.eclipse.org/bugs/show_bug.cgi?id=389442",389442,"Adding MPlaceholder to rendered but inactive MPerspective causes MPlaceholder in active MPerspective to lose its widget rendering"
,315,"https://bugs.eclipse.org/bugs/show_bug.cgi?id=389620",389620,"Cannot unbind or disable behaviour of ALT+SHIFT+D multi-stroke key bindings"
,316,"https://bugs.eclipse.org/bugs/show_bug.cgi?id=390376",390376,"opening file should open in the editor window that has focus"
,317,"https://bugs.eclipse.org/bugs/show_bug.cgi?id=390398",390398,"TrimBar set to invisible when setting ""Spacer Glue"" invisible"
,318,"https://bugs.eclipse.org/bugs/show_bug.cgi?id=390787",390787,"[key binding] Chinese content assist key bindings broken"
,319,"https://bugs.eclipse.org/bugs/show_bug.cgi?id=390980",390980,"Plug-in example for 'popupMenu' uses deprecated popupMenu extension"
,320,"https://bugs.eclipse.org/bugs/show_bug.cgi?id=391344",391344,"ExecutionEvent trigger is not passed on to handler"
,321,"https://bugs.eclipse.org/bugs/show_bug.cgi?id=392457",392457,"cannot create dynamic Status bar controls in eclipse 4.2"
,322,"https://bugs.eclipse.org/bugs/show_bug.cgi?id=392538",392538,"Placeholder & minimizing / maximizing error"
,323,"https://bugs.eclipse.org/bugs/show_bug.cgi?id=392690",392690,"[Min/Max] FastView toolbar shows wrong icon when junit run causes Console and Junit views to appear"
,324,"https://bugs.eclipse.org/bugs/show_bug.cgi?id=392715",392715,"Make existing 3.x components available for a pure e4 application"
,325,"https://bugs.eclipse.org/bugs/show_bug.cgi?id=392876",392876,"[platform-ui-dev] [Contributions] Editor context menu is broken when trying to add a dynamic submenu"
,326,"https://bugs.eclipse.org/bugs/show_bug.cgi?id=393162",393162,"ClassCastException in 4.2 while evaluating menu contributions"
,327,"https://bugs.eclipse.org/bugs/show_bug.cgi?id=393391",393391,"can't re-enable toolbars in ""customize perspective"""
,328,"https://bugs.eclipse.org/bugs/show_bug.cgi?id=393695",393695,"[Regression] setGlobalActionHandlers(*) is stashing handlers in different locations"
,329,"https://bugs.eclipse.org/bugs/show_bug.cgi?id=394036",394036,"The Progress view does not track the state of enabled commands"
5,330,"https://bugs.eclipse.org/bugs/show_bug.cgi?id=394386",394386,"Step-Into and Step-Return interchanged in M3"
3,331,"https://bugs.eclipse.org/bugs/show_bug.cgi?id=394394",394394,"Clicking close X on Welcome screen or last part of maximized stack sends focus to nowhere"
,332,"https://bugs.eclipse.org/bugs/show_bug.cgi?id=394958",394958,"The key binding of a contributed menu item is no longer shown"
,333,"https://bugs.eclipse.org/bugs/show_bug.cgi?id=395455",395455,"Disabled command groups are re-enabled upon restart"
,334,"https://bugs.eclipse.org/bugs/show_bug.cgi?id=395601",395601,"Customizing perspective - change buttons in the Java perspective reflect the change even in debug perspective"
,335,"https://bugs.eclipse.org/bugs/show_bug.cgi?id=395980",395980,"[Compatibility] Activations and deactivations via the IContextService do not appear to be synchronous"
,336,"https://bugs.eclipse.org/bugs/show_bug.cgi?id=396271",396271,"Class extending WorkbenchWindowControlContribution not invoking isVisible() method in Juno"
5,337,"https://bugs.eclipse.org/bugs/show_bug.cgi?id=396528",396528,"[MPE] Incomplete implementation in AbstractMultiEditor"
,338,"https://bugs.eclipse.org/bugs/show_bug.cgi?id=397029",397029,"MultiPageEditorPart is leaked via perspective's EclipseContext"
,339,"https://bugs.eclipse.org/bugs/show_bug.cgi?id=397942",397942,"Implement a better MRU tab ordering"
,340,"https://bugs.eclipse.org/bugs/show_bug.cgi?id=397960",397960,"Run/Debug buttons gone, can't customize perspective"
,341,"https://bugs.eclipse.org/bugs/show_bug.cgi?id=398027",398027,"There should be a model tag to prevent resizing the shell"
,342,"https://bugs.eclipse.org/bugs/show_bug.cgi?id=398277",398277,"[CSS] swt-show-close inconsistent with swt-x-visible"
,343,"https://bugs.eclipse.org/bugs/show_bug.cgi?id=398436",398436,"Active stack no longer updates"
,344,"https://bugs.eclipse.org/bugs/show_bug.cgi?id=398475",398475,"[CSS] CSS3 property 'font-size-adjust' is called 'font-adjust' in SWT CSS renderer"
,345,"https://bugs.eclipse.org/bugs/show_bug.cgi?id=398647",398647,"Dynamic radio items in menu contribution not checked"
,346,"https://bugs.eclipse.org/bugs/show_bug.cgi?id=398814",398814,"Moving an unfocused editor does not keep the previously focused editor visible"
,347,"https://bugs.eclipse.org/bugs/show_bug.cgi?id=398852",398852,"[CSS] Un-readable tab names when using High Contrast mode."
,348,"https://bugs.eclipse.org/bugs/show_bug.cgi?id=398925",398925,"After prolonged usage Eclipse becomes unusable : java.lang.Object cannot be cast to org.eclipse.e4.core.commands.EHandlerService"
,349,"https://bugs.eclipse.org/bugs/show_bug.cgi?id=399100",399100,"Clicking a Preference page hyperlink that directs to a view can cause Conflicting Handler errors."
,350,"https://bugs.eclipse.org/bugs/show_bug.cgi?id=400217",400217,"Not possible to change visibility of tool items or menu items at runtime"
,351,"https://bugs.eclipse.org/bugs/show_bug.cgi?id=400263",400263,"RuntimeException ""Cycle while computing..."""
,352,"https://bugs.eclipse.org/bugs/show_bug.cgi?id=400496",400496,"Invalid Menu Extension in show in menu"
,353,"https://bugs.eclipse.org/bugs/show_bug.cgi?id=401252",401252,"JAWS does not read ProgressMonitor Label"
,354,"https://bugs.eclipse.org/bugs/show_bug.cgi?id=401534",401534,"Keyboard shortcuts don't work in all views"
4,355,"https://bugs.eclipse.org/bugs/show_bug.cgi?id=401632",401632,"Minimized views still update in background (bad part events?)"
,356,"https://bugs.eclipse.org/bugs/show_bug.cgi?id=401735",401735,"[DND] can't move editor tab to first position when editor area overflows"
,357,"https://bugs.eclipse.org/bugs/show_bug.cgi?id=402263",402263,"import from file system wizard does not show subdirectories"
,358,"https://bugs.eclipse.org/bugs/show_bug.cgi?id=402309",402309,"registerVisibleWhen is not implemented on IContributionRoot"
,359,"https://bugs.eclipse.org/bugs/show_bug.cgi?id=402322",402322,"Workbench window can report an active part/editor while firing page closed"
,360,"https://bugs.eclipse.org/bugs/show_bug.cgi?id=402509",402509,"[api] Need a mechanism for filtering context menus"
,361,"https://bugs.eclipse.org/bugs/show_bug.cgi?id=402593",402593,"ControlContrubution does not notify registered listeners--Works in Indigo, not in Juno"
,362,"https://bugs.eclipse.org/bugs/show_bug.cgi?id=403221",403221,"[DetachedWindow] Eclipse secondary windows acts abnormally"
,363,"https://bugs.eclipse.org/bugs/show_bug.cgi?id=403646",403646,"Toolbar icons are misplaced the first time a clean workspace is used"
,364,"https://bugs.eclipse.org/bugs/show_bug.cgi?id=403930",403930,"E4 and E3 selection services are not connected"
,365,"https://bugs.eclipse.org/bugs/show_bug.cgi?id=404231",404231,"resetPerspectiveModel() does not reset the perspective"
,366,"https://bugs.eclipse.org/bugs/show_bug.cgi?id=404535",404535,"Enabling navigation history for inter tab navigation in multi page editors"
,367,"https://bugs.eclipse.org/bugs/show_bug.cgi?id=404727",404727,"Make 3.x workbench resources available for e4 apps"
,368,"https://bugs.eclipse.org/bugs/show_bug.cgi?id=405521",405521,"Provide default CSS styling for RCP applications running on compatibility layer"
,369,"https://bugs.eclipse.org/bugs/show_bug.cgi?id=405542",405542,"[Workbench] More than one workbench save job can run"
,370,"https://bugs.eclipse.org/bugs/show_bug.cgi?id=405561",405561,"Menu is not refreshed after perspective switch"
4,371,"https://bugs.eclipse.org/bugs/show_bug.cgi?id=405731",405731,"Part tab font not using system font"
,372,"https://bugs.eclipse.org/bugs/show_bug.cgi?id=406097",406097,"Add ability to drag and drop shared editor area"
,373,"https://bugs.eclipse.org/bugs/show_bug.cgi?id=407238",407238,"Seperate window containing view has no title"
,374,"https://bugs.eclipse.org/bugs/show_bug.cgi?id=408309",408309,"Legacy PerspectiveListeners aren't fired for perspectivePreDeactivated and perspectiveDeactivated"
,375,"https://bugs.eclipse.org/bugs/show_bug.cgi?id=408592",408592,"Plugin's view gets reloaded in spite of being a removed plugin"
,376,"https://bugs.eclipse.org/bugs/show_bug.cgi?id=408740",408740,"Define / Refine the way we want activation to work when we switch perspectives."
,377,"https://bugs.eclipse.org/bugs/show_bug.cgi?id=409055",409055,"Marker Properties do not resize"
,378,"https://bugs.eclipse.org/bugs/show_bug.cgi?id=409081",409081,"BIDI 4.2.2 : Welcome Page isn't correctly mirrored"
,379,"https://bugs.eclipse.org/bugs/show_bug.cgi?id=409149",409149,"partService.hidePart(part, true) does not respect MDirtyable"
,380,"https://bugs.eclipse.org/bugs/show_bug.cgi?id=409622",409622,"Perspective contributed via fragment is not registered in PerspectiveRegistry"
,381,"https://bugs.eclipse.org/bugs/show_bug.cgi?id=409678",409678,"@ProcessRemovals called before compatibility mode adds menu items"
,382,"https://bugs.eclipse.org/bugs/show_bug.cgi?id=410087",410087,"DirectToolItem does not evaluate @CanExecute"
,383,"https://bugs.eclipse.org/bugs/show_bug.cgi?id=410208",410208,"Multiwindow Application Restore"
,384,"https://bugs.eclipse.org/bugs/show_bug.cgi?id=410426",410426,"[Compatibility] VisibleWhen from contribution factories not handled in toolbars"
,385,"https://bugs.eclipse.org/bugs/show_bug.cgi?id=410432",410432,"[Compatibility] Different behaviors for toolbar contribution through factories with bundle and target platform"
,386,"https://bugs.eclipse.org/bugs/show_bug.cgi?id=410485",410485,"[DetachedView] Wrong editor focused when there are multiple windows after closing Open Type"
,387,"https://bugs.eclipse.org/bugs/show_bug.cgi?id=410624",410624,"[DND] Drag&Drop from Firefox onto Editor area fails"
3,388,"https://bugs.eclipse.org/bugs/show_bug.cgi?id=410723",410723,"E4 misses a button for opening a new (fast) view"
,389,"https://bugs.eclipse.org/bugs/show_bug.cgi?id=410749",410749,"Don't prompt to save on close when editor input opened elsewhere"
,390,"https://bugs.eclipse.org/bugs/show_bug.cgi?id=410795",410795,"[CSS] [Features] [Accessibility] Juno does not support High Contrast Black mode"
,391,"https://bugs.eclipse.org/bugs/show_bug.cgi?id=410973",410973,"[DND] IEditorPart loses custom icon on detach/move"
,392,"https://bugs.eclipse.org/bugs/show_bug.cgi?id=411017",411017,"Retire org.eclipse.ui.examples.presentation?"
,393,"https://bugs.eclipse.org/bugs/show_bug.cgi?id=411704",411704,"Properties view not initialized with current selection when switching views"
,394,"https://bugs.eclipse.org/bugs/show_bug.cgi?id=411724",411724,"[Trim] Hidden toolbar doesn't stay hidden"
,395,"https://bugs.eclipse.org/bugs/show_bug.cgi?id=411821",411821,"[QuickAccess] Contribute SearchField through a fragment or other means"
3,396,"https://bugs.eclipse.org/bugs/show_bug.cgi?id=412013",412013,"Secondary Problems view (created with 4.2) doesn't have a view menu"
,397,"https://bugs.eclipse.org/bugs/show_bug.cgi?id=412144",412144,"Accessibility - Shortcuts not working after the last open editor is maximized and closed"
,398,"https://bugs.eclipse.org/bugs/show_bug.cgi?id=412302",412302,"on non active parts key bindings does not work"
,399,"https://bugs.eclipse.org/bugs/show_bug.cgi?id=412574",412574,"Add 'New editor' to the editor tab's right click menu again!"
4,400,"https://bugs.eclipse.org/bugs/show_bug.cgi?id=412634",412634,"Save All triggers multi-builds"
,401,"https://bugs.eclipse.org/bugs/show_bug.cgi?id=413096",413096,"3.6.2 RCP application does not run correctly on 4.3 (workbench window is launching)"
,402,"https://bugs.eclipse.org/bugs/show_bug.cgi?id=413112",413112,"The parameters of ExecutionEvent are lost in HandlerServiceHandler#execute"
,403,"https://bugs.eclipse.org/bugs/show_bug.cgi?id=413213",413213,"Separators on toolbar from menu contribution are not showing."
,404,"https://bugs.eclipse.org/bugs/show_bug.cgi?id=413474",413474,"[navigation] After switching perspective, Back no longer returns to the point where a Hyperlink was clicked"
,405,"https://bugs.eclipse.org/bugs/show_bug.cgi?id=413626",413626,"IntroHandler fails because of early initialialization"
,406,"https://bugs.eclipse.org/bugs/show_bug.cgi?id=413952",413952,"[RCP] WorkbenchConfigurer.getSaveAndRestore() is not called anywhere"
5,407,"https://bugs.eclipse.org/bugs/show_bug.cgi?id=413977",413977,"All non-native key bindings stop working"
,408,"https://bugs.eclipse.org/bugs/show_bug.cgi?id=414544",414544,"PlatformUI.getWorkbench().getActiveWorkbenchWindow().getActivePage().getActivePart() is NULL"
,409,"https://bugs.eclipse.org/bugs/show_bug.cgi?id=414611",414611,"Toolbar order is not restored after restart (org.eclipse.ui.menus toolbar)"
,410,"https://bugs.eclipse.org/bugs/show_bug.cgi?id=414736",414736,"The Perspective Bar can't disabled via property"
,411,"https://bugs.eclipse.org/bugs/show_bug.cgi?id=414738",414738,"Customize Perspective via extension point doesn't work"
,412,"https://bugs.eclipse.org/bugs/show_bug.cgi?id=414743",414743,"Seperator in own Toolbar are not rendered"
,413,"https://bugs.eclipse.org/bugs/show_bug.cgi?id=414845",414845,"Order within elements added by fragments is reversed if ""before:"" or ""after:"" flag is used in ""Position in List"" attribute."
,414,"https://bugs.eclipse.org/bugs/show_bug.cgi?id=414888",414888,"[WorkbenchParts] Context menu retained cross editors"
,415,"https://bugs.eclipse.org/bugs/show_bug.cgi?id=415241",415241,"[Markers] The Tasks View displays the same item multiple times if there are symbolic link duplicates"
,416,"https://bugs.eclipse.org/bugs/show_bug.cgi?id=415965",415965,"[QuickAccess] ""Show whitespace characters"" is no longer in the ""Previous Choices"" after restart"
,417,"https://bugs.eclipse.org/bugs/show_bug.cgi?id=416461",416461,"[Wizards] Wizard Parameter overrides command label and icon"
,418,"https://bugs.eclipse.org/bugs/show_bug.cgi?id=416673",416673,"[Workbench] Corrupted workbench.xmi file causes silent Eclipse exit"
,419,"https://bugs.eclipse.org/bugs/show_bug.cgi?id=417351",417351,"[Min/Max] [WorkbenchParts] No active editor after maximizing then restoring a view"
,420,"https://bugs.eclipse.org/bugs/show_bug.cgi?id=417380",417380,"[Contributions] Using the Go Into context menu causes view chrome to disappear"
,421,"https://bugs.eclipse.org/bugs/show_bug.cgi?id=417724",417724,"[Viewers] Generify IElementComparer"
,422,"https://bugs.eclipse.org/bugs/show_bug.cgi?id=418070",418070,"[PropertiesView] [Min/Max] Data getting disappeared on maximizing a property view"
,423,"https://bugs.eclipse.org/bugs/show_bug.cgi?id=418231",418231,"[EditorMgmt] [regression] Editor pin doesn't toggle, doesn't remember preference on restart"
,424,"https://bugs.eclipse.org/bugs/show_bug.cgi?id=418241",418241,"[Navigator] [CommonNavigator] Resource support has wrong expression on org.eclipse.ui.navigator.resources.GoIntoActions"
,425,"https://bugs.eclipse.org/bugs/show_bug.cgi?id=418275",418275,"[IDE] Own view (source) is not listed in ""Show In"" menu when explicitly requested by IShowInTargetList"
,426,"https://bugs.eclipse.org/bugs/show_bug.cgi?id=418429",418429,"[Workbench] ClassCastException in WorkbenchPage (when using pure e4 parts)"
,427,"https://bugs.eclipse.org/bugs/show_bug.cgi?id=418589",418589,"[EditorMgmt] closePart activates"
,428,"https://bugs.eclipse.org/bugs/show_bug.cgi?id=418857",418857,"[About] ""About"" menu should show product icon"
,429,"https://bugs.eclipse.org/bugs/show_bug.cgi?id=418908",418908,"[EditorMgmt] Editor drop-down list does not show custom icons"
,430,"https://bugs.eclipse.org/bugs/show_bug.cgi?id=419021",419021,"[EditorMgmt] EditorPart.setPartName leads to NPE"
,431,"https://bugs.eclipse.org/bugs/show_bug.cgi?id=174689",174689,"[Contributions] Commands not appearing in Customize Perspective dialog"
,432,"https://bugs.eclipse.org/bugs/show_bug.cgi?id=325965",325965,"[Commands] org.eclipse.ui.workbench and org.eclipse.core.expression are preventing the GarbageCollector from removing uninstalled plug-ins"
,433,"https://bugs.eclipse.org/bugs/show_bug.cgi?id=348560",348560,"RunAndTracks that always return true"
4,434,"https://bugs.eclipse.org/bugs/show_bug.cgi?id=369860",369860,"[KeyBinding] Keybinding assist popup eats keys (for two-chord shortcuts)"
,435,"https://bugs.eclipse.org/bugs/show_bug.cgi?id=378495",378495,"Part Toolbar does not refresh when toolbar items are removed"
,436,"https://bugs.eclipse.org/bugs/show_bug.cgi?id=379426",379426,"[Compatibility] CompoundContributionItems result in duplicate menu items"
,437,"https://bugs.eclipse.org/bugs/show_bug.cgi?id=389663",389663,"[E4AP] Merging contributions can lead to duplicate elements in the model"
,438,"https://bugs.eclipse.org/bugs/show_bug.cgi?id=393171",393171,"Remove delta migration code"
,439,"https://bugs.eclipse.org/bugs/show_bug.cgi?id=359778",359778,"[Compatibility] Commands Capabilities / Activities in Eclipse 4"
,440,"https://bugs.eclipse.org/bugs/show_bug.cgi?id=376896",376896,"Toolbar button order off in newly created window"
,441,"https://bugs.eclipse.org/bugs/show_bug.cgi?id=206559",206559,"[Preferences] Preferences dialog should have link to export/import"
,442,"https://bugs.eclipse.org/bugs/show_bug.cgi?id=364843",364843,"[Compatibility] missing tooltips on some actions in main toolbar"
,443,"https://bugs.eclipse.org/bugs/show_bug.cgi?id=370430",370430,"[KeyBindings] Rename ""Workbench"" context and hide if not supported"
,444,"https://bugs.eclipse.org/bugs/show_bug.cgi?id=360468",360468,"Improve 'Open Resource' dialog filtering sort order"
,445,"https://bugs.eclipse.org/bugs/show_bug.cgi?id=178081",178081,"[Import/Export] BIDI3.3:<HCG:DirFile path appear in RTL order instead of LTR order>"
,446,"https://bugs.eclipse.org/bugs/show_bug.cgi?id=419016",419016,"[CSS] Provide some reasonable bridge interactions between CSS and our older Colors and Fonts properties"
,447,"https://bugs.eclipse.org/bugs/show_bug.cgi?id=345932",345932,"Key Assist dialog should update status info text each time"
,448,"https://bugs.eclipse.org/bugs/show_bug.cgi?id=345939",345939,"Key Assist dialog: info text should show key strokes in single quotes"
,449,"https://bugs.eclipse.org/bugs/show_bug.cgi?id=345951",345951,"Key Assist dialog: can execute command by pressing 'Return' but not by pressing 'Enter'"
,450,"https://bugs.eclipse.org/bugs/show_bug.cgi?id=401712",401712,"[Markers] Problems view should not update tree unless visible"
,451,"https://bugs.eclipse.org/bugs/show_bug.cgi?id=88382",88382,"[DetachedViews] Placeholder lost when view detached"
,452,"https://bugs.eclipse.org/bugs/show_bug.cgi?id=153470",153470,"[DND] API for managing and veto-ing the drag-n-drop of parts"
,453,"https://bugs.eclipse.org/bugs/show_bug.cgi?id=376862",376862,"[patch] Applying PatternFilter on ElementTreeSelectionDialog results in NullPointerException"
,454,"https://bugs.eclipse.org/bugs/show_bug.cgi?id=396318",396318,"Save Resources dialog missing when selecting Close All from editor tab"
,455,"https://bugs.eclipse.org/bugs/show_bug.cgi?id=123808",123808,"[RCP] [WorkbenchParts] Allow app to hide actions in editor and view system menus"
,456,"https://bugs.eclipse.org/bugs/show_bug.cgi?id=226842",226842,"[KeyBindings] Can only switch to Emacs keybindings once."
4,457,"https://bugs.eclipse.org/bugs/show_bug.cgi?id=320901",320901,"[CSS] White background results in lost separators (non-classic themes)"
,458,"https://bugs.eclipse.org/bugs/show_bug.cgi?id=367094",367094,"[Compatibility] Programmatically created CommandContributionItems show wrong enablement state"
,459,"https://bugs.eclipse.org/bugs/show_bug.cgi?id=379216",379216,"Elements with no elementID coming from fragments are never matched by ModelAssember and duplicated on startup"
,460,"https://bugs.eclipse.org/bugs/show_bug.cgi?id=191256",191256,"[Perspectives] perspectiveExtensions not applied after installing feature and restarting workbench"
,461,"https://bugs.eclipse.org/bugs/show_bug.cgi?id=244316",244316,"[WorkbenchLauncher] File->""Switch Workspace""->Other does nothing first time"
,462,"https://bugs.eclipse.org/bugs/show_bug.cgi?id=375393",375393,"Popup / Context Menu disapears after reopening a part (e4)"
,463,"https://bugs.eclipse.org/bugs/show_bug.cgi?id=133407",133407,"[KeyBindings] prefernece page: Allow to limit Scheme-Selection in Keys-Preferences to only one"
,464,"https://bugs.eclipse.org/bugs/show_bug.cgi?id=375744",375744,"Command-Q does not ask to confirm exit"
,465,"https://bugs.eclipse.org/bugs/show_bug.cgi?id=374568",374568,"Part menu is not rendered correctly after removing menu items."
,466,"https://bugs.eclipse.org/bugs/show_bug.cgi?id=378184",378184,"[Compatibility] Part with custom title image loses the image after drop"
,467,"https://bugs.eclipse.org/bugs/show_bug.cgi?id=195672",195672,"[DetachedView] Search dialog misses some options, if called from detached package explorer"
,468,"https://bugs.eclipse.org/bugs/show_bug.cgi?id=221172",221172,"[Commands] [ViewMgmt] Window > Show View doesn't open existing instances of multi-instance views"
,469,"https://bugs.eclipse.org/bugs/show_bug.cgi?id=355750",355750,"WorkbenchWindowAdvisor#isDurableFolder() doesn't survive a save and restore"
,470,"https://bugs.eclipse.org/bugs/show_bug.cgi?id=366364",366364,"DS-Check in E4Application is meaningless"
5,471,"https://bugs.eclipse.org/bugs/show_bug.cgi?id=375576",375576,"Controls are not fully realized when partOpened(...) , partBroughtToTop(...) and partActivated(...) are called"
,472,"https://bugs.eclipse.org/bugs/show_bug.cgi?id=376486",376486,"Eclipse 4 IDE not extendable via fragments or processors"
,473,"https://bugs.eclipse.org/bugs/show_bug.cgi?id=377085",377085,"Auto-unmaximize when there are no more 'minimized by zoom' elements in the trim"
,474,"https://bugs.eclipse.org/bugs/show_bug.cgi?id=405262",405262,"Duplicate context menu entries in XML editor source tab"
,475,"https://bugs.eclipse.org/bugs/show_bug.cgi?id=407432",407432,"Run the ""broken NLS string"" tool on UI bundles"
,476,"https://bugs.eclipse.org/bugs/show_bug.cgi?id=347140",347140,"[Compatibility] Toolbar rendering very slow / looks animated"
,477,"https://bugs.eclipse.org/bugs/show_bug.cgi?id=355049",355049,"[Import/Export] Importing a project containing a linked resource will dereference that linked resource"
,478,"https://bugs.eclipse.org/bugs/show_bug.cgi?id=359059",359059,"[Commands] [Compatibility] Undefined context error when restarting with a PHP file open"
,479,"https://bugs.eclipse.org/bugs/show_bug.cgi?id=366600",366600,"[Compatibility] the 3.x mediator services don't seem to be created"
,480,"https://bugs.eclipse.org/bugs/show_bug.cgi?id=368466",368466,"Part toolbar does not refresh after adding additional toolbar items to it"
,481,"https://bugs.eclipse.org/bugs/show_bug.cgi?id=374461",374461,"Behaviour of Min Max not correct"
4,482,"https://bugs.eclipse.org/bugs/show_bug.cgi?id=388476",388476,"Editor tab management lost ""working set"" (MRU) functionality"
,483,"https://bugs.eclipse.org/bugs/show_bug.cgi?id=396035",396035,"ExecutionException leads to InjectionException"
,484,"https://bugs.eclipse.org/bugs/show_bug.cgi?id=396974",396974,"[Contributions] Multiple Parents for MenuContribution item"
,485,"https://bugs.eclipse.org/bugs/show_bug.cgi?id=401043",401043,"Replace container data with persistentData"
,486,"https://bugs.eclipse.org/bugs/show_bug.cgi?id=413410",413410,"[KeyBindings] Lots of Keybinding conflicts occurred on official CDT eclipse Kepler 8.2"
,487,"https://bugs.eclipse.org/bugs/show_bug.cgi?id=281455",281455,"ConcurrentModificationException while closing project"
,488,"https://bugs.eclipse.org/bugs/show_bug.cgi?id=366602",366602,"[Compatibility] IServiceLocatorCreator doesn't work"
,489,"https://bugs.eclipse.org/bugs/show_bug.cgi?id=378849",378849,"[CPD] CustomizePerspectiveDialog no longer shows actionSet details"
,490,"https://bugs.eclipse.org/bugs/show_bug.cgi?id=366606",366606,"[Compatibility] Failures in ContextsTestSuite"
